{
    "grouped": true,
    "title": "分享",
    "key": "SendStory",
    "controllerName": "TQDSendStoryController",
    "sections": [
                 {
                 "elements": [
                              {
                              "type": "QTextElement",
                              "text": "IOS SDK中增加sendStory前台API"
                              }
                              ]
                 },
                 {
                 "elements": [
                              {
                              "type": "QEntryElement",
                              "keyboardType": "ASCIICapable",
                              "title": "receiver",
                              "placeholder": "填入要@的好友的OpenID",
                              "bind": "textValue:binding_receiver"
                              },
                              {
                              "type": "QEntryElement",
                              "keyboardType": "Default",
                              "title": "title",
                              "placeholder": "填入分享的标题",
                              "bind": "textValue:binding_title"
                              },
                              {
                              "type": "QEntryElement",
                              "keyboardType": "Default",
                              "title": "summary",
                              "placeholder": "填入分享的摘要",
                              "bind": "textValue:binding_summary"
                              },
                              {
                              "type": "QEntryElement",
                              "keyboardType": "Default",
                              "title": "description",
                              "placeholder": "填入分享的描述",
                              "bind": "textValue:binding_description"
                              },
                              {
                              "type": "QEntryElement",
                              "keyboardType": "URL",
                              "title": "pics",
                              "placeholder": "填入分享的图片URL",
                              "bind": "textValue:binding_pics"
                              },
                              {
                              "type": "QEntryElement",
                              "keyboardType": "URL",
                              "title": "shareurl",
                              "placeholder": "填入分享的URL链接",
                              "bind": "textValue:binding_shareurl"
                              },
                              {
                              "type": "QEntryElement",
                              "keyboardType": "Default",
                              "title": "act",
                              "placeholder": "默认为‘进入应用’",
                              "bind": "textValue:binding_act"
                              }
                              ]
                 },
                 {
                 "elements": [
                              {
                              "type": "QButtonElement",
                              "key": "button",
                              "title": "分享",
                              "controllerAction": "onSendStory:"
                              }
                              ]
                 }
                 ]
}